name,type,start_time,duration,"ack","address","read","data","error"
"I2C","address",0.293209804,0.000085118,true,0x70,false,,
"I2C [1]","address",0.293209804,0.000085118,true,0x70,false,,
"I2C","address",0.293354686,0.000085118,true,0x70,false,,
"I2C [1]","address",0.293354686,0.000085118,true,0x70,false,,
"I2C","address",0.293689268,0.000085118,true,0x70,false,,
"I2C [1]","address",0.293689268,0.000085118,true,0x70,false,,
"I2C","address",0.295442992,0.000085118,true,0x70,false,,
"I2C [1]","address",0.295442992,0.000085118,true,0x70,false,,
"I2C","address",0.295682504,0.000085118,true,0x70,false,,
"I2C [1]","address",0.295682504,0.000085118,true,0x70,false,,
"I2C","address",0.296017086,0.000085118,true,0x70,false,,
"I2C [1]","address",0.296017086,0.000085118,true,0x70,false,,
"I2C","address",2.344183016,0.00008512,true,0x70,false,,
"I2C [1]","address",2.344183016,0.00008512,true,0x70,false,,
"I2C","address",2.3443279,0.000085118,true,0x70,false,,
"I2C [1]","address",2.3443279,0.000085118,true,0x70,false,,
"I2C","address",2.34466248,0.000085122,true,0x70,false,,
"I2C [1]","address",2.34466248,0.000085122,true,0x70,false,,
"I2C","address",2.346416204,0.00008512,true,0x70,false,,
"I2C [1]","address",2.346416204,0.00008512,true,0x70,false,,
"I2C","address",2.34665572,0.000085116,true,0x70,false,,
"I2C [1]","address",2.34665572,0.000085116,true,0x70,false,,
"I2C","address",2.346990298,0.000085118,true,0x70,false,,
"I2C [1]","address",2.346990298,0.000085118,true,0x70,false,,
"I2C","address",3.348910092,0.00008512,true,0x70,false,,
"I2C [1]","address",3.348910092,0.00008512,true,0x70,false,,
"I2C","address",3.85080672,0.000085122,true,0x70,false,,
"I2C [1]","address",3.85080672,0.000085122,true,0x70,false,,
"I2C","address",4.352698454,0.00008512,true,0x70,false,,
"I2C [1]","address",4.352698454,0.00008512,true,0x70,false,,
"I2C","address",4.854590318,0.00008512,true,0x70,false,,
"I2C [1]","address",4.854590318,0.00008512,true,0x70,false,,
"I2C","address",5.356487104,0.000085122,true,0x70,false,,
"I2C [1]","address",5.356487104,0.000085122,true,0x70,false,,
"I2C","address",5.858378888,0.00008512,true,0x70,false,,
"I2C [1]","address",5.858378888,0.00008512,true,0x70,false,,
"I2C","address",6.360270704,0.000085118,true,0x70,false,,
"I2C [1]","address",6.360270704,0.000085118,true,0x70,false,,
"I2C","address",6.862162474,0.000085116,true,0x70,false,,
"I2C [1]","address",6.862162474,0.000085116,true,0x70,false,,
"I2C","address",7.364054218,0.00008512,true,0x70,false,,
"I2C [1]","address",7.364054218,0.00008512,true,0x70,false,,
"I2C","address",7.865956692,0.000085122,true,0x70,false,,
"I2C [1]","address",7.865956692,0.000085122,true,0x70,false,,
"I2C","address",8.367853334,0.00008512,true,0x70,false,,
"I2C [1]","address",8.367853334,0.00008512,true,0x70,false,,
"I2C","data",8.368610956,0.000085102,true,,,0x70,
"I2C [1]","data",8.368610956,0.000085102,true,,,0x70,
"I2C","address",8.869750024,0.00008512,true,0x70,false,,
"I2C [1]","address",8.869750024,0.00008512,true,0x70,false,,
"I2C","data",8.870318382,0.000085104,true,,,0x70,
"I2C [1]","data",8.870318382,0.000085104,true,,,0x70,
"I2C","address",9.371646714,0.00008512,true,0x70,false,,
"I2C [1]","address",9.371646714,0.00008512,true,0x70,false,,
"I2C","data",9.372025808,0.00008511,true,,,0x70,
"I2C [1]","data",9.372025808,0.00008511,true,,,0x70,
"I2C","address",9.873538386,0.00008512,true,0x70,false,,
"I2C [1]","address",9.873538386,0.00008512,true,0x70,false,,
"I2C","data",9.873728222,0.000085108,true,,,0x70,
"I2C [1]","data",9.873728222,0.000085108,true,,,0x70,
"I2C","address",10.375435072,0.00008512,true,0x70,false,,
"I2C [1]","address",10.375435072,0.00008512,true,0x70,false,,
"I2C","address",10.877326824,0.00008512,true,0x70,false,,
"I2C [1]","address",10.877326824,0.00008512,true,0x70,false,,
"I2C","address",11.379220098,0.00008512,true,0x70,false,,
"I2C [1]","address",11.379220098,0.00008512,true,0x70,false,,
"I2C","address",11.881111794,0.000085122,true,0x70,false,,
"I2C [1]","address",11.881111794,0.000085122,true,0x70,false,,
"I2C","address",12.383008544,0.000085118,true,0x70,false,,
"I2C [1]","address",12.383008544,0.000085118,true,0x70,false,,
"I2C","address",12.884900132,0.000085118,true,0x70,false,,
"I2C [1]","address",12.884900132,0.000085118,true,0x70,false,,
"I2C","data",12.885657754,0.0000851,true,,,0x70,
"I2C [1]","data",12.885657754,0.0000851,true,,,0x70,
"I2C","address",13.386791772,0.00008512,true,0x70,false,,
"I2C [1]","address",13.386791772,0.00008512,true,0x70,false,,
"I2C","data",13.38736013,0.000085106,true,,,0x70,
"I2C [1]","data",13.38736013,0.000085106,true,,,0x70,
"I2C","address",13.888683336,0.000085122,true,0x70,false,,
"I2C [1]","address",13.888683336,0.000085122,true,0x70,false,,
"I2C","data",13.889062434,0.000085104,true,,,0x70,
"I2C [1]","data",13.889062434,0.000085104,true,,,0x70,
"I2C","address",14.390577038,0.00008512,true,0x70,false,,
"I2C [1]","address",14.390577038,0.00008512,true,0x70,false,,
"I2C","data",14.390766872,0.000085108,true,,,0x70,
"I2C [1]","data",14.390766872,0.000085108,true,,,0x70,
"I2C","address",14.892468672,0.000085122,true,0x70,false,,
"I2C [1]","address",14.892468672,0.000085122,true,0x70,false,,
"I2C","address",15.394360414,0.00008512,true,0x70,false,,
"I2C [1]","address",15.394360414,0.00008512,true,0x70,false,,
"I2C","address",15.896252152,0.000085118,true,0x70,false,,
"I2C [1]","address",15.896252152,0.000085118,true,0x70,false,,
"I2C","address",16.398143874,0.000085124,true,0x70,false,,
"I2C [1]","address",16.398143874,0.000085124,true,0x70,false,,
"I2C","address",16.900035522,0.000085124,true,0x70,false,,
"I2C [1]","address",16.900035522,0.000085124,true,0x70,false,,
"I2C","address",17.401932222,0.000085122,true,0x70,false,,
"I2C [1]","address",17.401932222,0.000085122,true,0x70,false,,
"I2C","address",17.903823826,0.00008512,true,0x70,false,,
"I2C [1]","address",17.903823826,0.00008512,true,0x70,false,,
"I2C","address",18.405715346,0.000085118,true,0x70,false,,
"I2C [1]","address",18.405715346,0.000085118,true,0x70,false,,
"I2C","address",18.907611946,0.000085118,true,0x70,false,,
"I2C [1]","address",18.907611946,0.000085118,true,0x70,false,,
"I2C","address",19.40950365,0.000085122,true,0x70,false,,
"I2C [1]","address",19.40950365,0.000085122,true,0x70,false,,
"I2C","address",19.911400312,0.000085122,true,0x70,false,,
"I2C [1]","address",19.911400312,0.000085122,true,0x70,false,,
"I2C","address",20.413291974,0.000085122,true,0x70,false,,
"I2C [1]","address",20.413291974,0.000085122,true,0x70,false,,
"I2C","address",21.915249466,0.000085118,true,0x70,false,,
"I2C [1]","address",21.915249466,0.000085118,true,0x70,false,,
"I2C","address",22.417146062,0.00008512,true,0x70,false,,
"I2C [1]","address",22.417146062,0.00008512,true,0x70,false,,
"I2C","address",22.919037772,0.00008512,true,0x70,false,,
"I2C [1]","address",22.919037772,0.00008512,true,0x70,false,,
"I2C","address",23.420934424,0.00008512,true,0x70,false,,
"I2C [1]","address",23.420934424,0.00008512,true,0x70,false,,
"I2C","address",23.9228261,0.00008512,true,0x70,false,,
"I2C [1]","address",23.9228261,0.00008512,true,0x70,false,,
